words,postid
clustering,134377
boosting,83590
tensorflow,57850
preprocessing,45950
classification,41136
regression,34055
keras,29702
classifiers,27931
search engine,24432
caffe,21459
neural network,16084
machine learning,15662
sklearn,11843
sprint,11544
svc,9934
k means,7763
svm,7598
linear regression,7405
lstm,7174
pytorch,6140
logistic regression,4855
deep learning,4795
data analysis,4730
torch,4729
decision tree,4375
speech recognition,4307
rprop,4145
question answering,4053
nearest neighbour,3926
random forests,3735
computer vision,3573
bioinformatics,3564
theano,3496
data mining,2546
knn,2380
gensim,2325
backpropagation,2305
anova,2195
xgboost,2099
gradient descent,2028
data science,1976
naive bayes,1850
convolutional neural network,1844
natural language processing,1832
autoencoder,1702
perceptron,1626
feature selection,1607
feature extraction,1564
image recognition,1557
idistance,1441
artificial intelligence,1405
text mining,1177
reinforcement learning,1091
model selection,1009
dbscan,1003
dimensionality reduction,990
pattern recognition,985
hierarchical clustering,951
supervised learning,950
mcmc,950
aode,862
naive bayes classifier,790
recurrent neural network,780
speech synthesis,748
principal component analysis,723
regression analysis,703
artificial neural network,653
support vector machine,640
binary classifier,623
cntk,622
recommendation system,614
stochastic gradient descent,592
cluster analysis,586
support vector machines,571
hidden markov models,571
collaborative filtering,567
search engine optimization,557
kmeans clustering,541
optical character recognition,509
machine translation,480
unsupervised learning,470
adaboost,469
data analyses,457
association rules,444
deeplearning4j,443
anomaly detection,439
social engineering,438
bayesian networks,393
stacked generalization,380
feature engineering,361
lightgbm,359
linear classifier,337
xgb,337
apriori algorithm,324
data preprocessing,318
scikitlearn,314
elastic net,313
ridge regression,308
birch,292
factor analysis,275
handwriting recognition,272
email filtering,271
multilabel classification,255
dynamic time warping,247
nearest neighbor algorithm,240
linear discriminant analysis,232
statistical learning,228
machine vision,210
mlpack,188
multinomial logistic regression,187
feedforward neural network,168
boosted tree,164
meanshift,158
graphical models,142
multidimensional scaling,137
active learning,137
conditional random field,133
stepwise regression,132
multinomial naive bayes,128
language recognition,127
convolutional autoencoder,125
generative model,113
gaussian process regression,107
vector quantization,93
markov chain monte carlo,92
adadelta,92
tf idf,88
bayesian statistics,73
deep belief networks,72
id3 algorithm,70
lgbm,70
denoising autoencoder,69
gaussian naive bayes,64
generative adversarial networks,59
learning to rank,58
text simplification,52
fastica,52
decision stump,46
generative models,44
qlearning,43
independent component analysis,42
online machine learning,41
feature learning,39
local outlier factor,39
regularization algorithm,39
discriminative model,38
fuzzy clustering,37
temporal difference learning,36
deep autoencoder,35
classification and regression tree,35
probabilistic classifier,33
deep convolutional neural networks,31
gradient boosting machine,31
ordinary least squares regression,30
fpgrowth algorithm,29
sliq,29
bootstrap aggregating,29
canonical correlation analysis,28
transduction,28
generec,26
optics algorithm,26
extreme learning machine,23
association rule learning,21
vc theory,21
partial least squares regression,20
facial recognition system,18
logitboost,17
bayesian belief network,17
principal component regression,17
radial basis function network,17
inductive logic programming,16
nonnegative matrix factorization,15
stacked autoencoders,14
meta learning,14
learning vector quantization,13
knearest neighbor,12
hierarchical classifier,12
gene expression programming,12
quickprop,12
sparse pca,10
hierarchical temporal memory,10
structured prediction,10
kmedians,10
multiple kernel learning,10
multivariate adaptive regression splines,10
ordinal classification,9
eclat algorithm,9
mixture of experts,9
extreme gradient boosting,9
gradient boosted decision tree,8
lazy learning,7
ensemble averaging,7
pac learning,7
pvlv,7
hybrid recommender systems,5
logistic model tree,5
minimum message length,5
analogical modeling,5
diffusion map,5
fishers linear discriminant,5
c50 algorithm,4
least absolute shrinkage and selection operator,4
conceptual clustering,4
learning automata,4
semisupervised learning,3
alopex,3
biomedical informatics,3
group method of data handling,3
projection pursuit,3
empirical risk minimization,3
iterative dichotomiser,3
cotraining,3
sammon mapping,3
automatic summarisation,2
deep recurrent neural networks,2
deep boltzmann machines,2
kernel principal component analysis,2
ripple down rules,2
ensembles of classifiers,2
expectationmaximization,2
probably approximately correct learning,2
genetic algorithm for rule set production,1
deep boltzmann machine,1
minimum redundancy feature selection,1
weighted majority algorithm,1
leabra,1
quadratic unconstrained binary optimization,1
c45 algorithm,1
evolutionary multimodal optimization,1
selforganizing map,1
apache singa,1
skill chaining,1
conditional decision tree,1
